INSERT INTO Departamento VALUES
(1 , "Producao" , "Porta 3 coredor 4"),
(2 , "Desenvolvimento" , "Corredor 10"),
(3 , "Vendas" , "Sala principal 1"),
(4 , "Compras" , "Sala comercial"),
(5 , "Analise" , "Sala ADM");

INSERT INTO Colaborador VALUES
(1111111 , " Jean" , "jean_as@Gmail.com" , "Chefe" , "2022-10-10", 1),
(2222222 , " Carlos" , "Carloss@Gmail.com" , "Vendedora" , "2012-8-5", 3),
(3333333 , " Maria" , "MArimari@Gmail.com" , "Compradora" , "2022-3-4", 4),
(4444444 , " Jaime" , "Jaimesas@Gmail.com" , "Dev" , "2020-5-5", 2),
(5555555 , " Joao" , "Joooao@Gmail.com" , "PRoducao" , "2024-11-11", 1),
(6666666 , " Tercilio" , "Tilo@Gmail.com" , "Peao" , "2025-10-10", 5),
(7777777 , " Maraiana" , "Marianinha@Gmail.com" , "Gerente" , "2018-1-1", 5);

INSERT INTO Categoria VALUES
(1, "Computação"),
(2, "Rede"),
(3, "Impressão"),
(4, "Mobilidade"),
(5, "Servidores");


INSERT INTO Fornecedor VALUES
(12121212 , "Intel" , "43 1 2234-4364" , "Jaragua"),
(13131313 , "AMD" , "43 1 33333-43333" , "Guaramirim"),
(14141414 , "Lata" , "43 1 2222-2222" , "irajai"),
(15515151 , "Silicio" , "13 16 55555-33445" , "saoBento"),
(16161616 , "Vidro" , "13 16 6666-56666" , "Sarra");


INSERT INTO Equipamento VALUES
(1 , "Grande", "GTa", "A12","2026-10-10", "Novo", 1 ,12121212, 1111111 ),
(2 , "Grande", "GTa", "A12","2026-10-10", "Novo", 1 ,13131313, 1111111 ),
(3 , "Grande", "GTa", "A12","2026-10-10", "Novo", 1 ,12121212, 1111111 ),
(4 , "Grande", "GTa", "A12","2026-10-10", "Novo", 1 ,15515151, 4444444 ),
(5 , "Grande", "GTa", "A12","2026-10-10", "Novo", 1 ,14141414, 1111111 ),
(6 , "Grande", "GTa", "A12","2026-10-10", "Novo", 1 ,15515151, 5555555 ),
(7 , "Grande", "GTa", "A12","2026-10-10", "Novo", 1 ,16161616, 1111111 );
INSERT INTO Departamento VALUES